SR No,TÊN CÔNG TY,"ĐỊA CHỈ	",LĨNH VỰC HOẠT ĐỘNG,EMAIL
1,Tổng Công ty Cổ phần Điện tử và Tin học Việt Nam (VEIC) ,Tầng 11_ Tòa nhà Mipec_ 229 Tây Sơn_ Quận Đống Đa_ Hà Nội Điện thoại : (84-024) 3825 6404 Fax: (84-024) 826 4786 Website : http://www.veic.com.vn, + Điện tử dân G7;+ Năng lượng và Công nghiệp;+ Cơ điện tòa nhà;+ Điện tử Y tế+ Công nghệ thông tin và truyền thông;+ Giáo dục và đào tạo,veic@hn.vnn.vn 
2, Công ty TNHH Máy tính CMS ,Tầng 12_ CMC Tower_ phố Duy Tân_ phường Dịch Vọng Hậu_ quận Cầu Giấy_ HN Điện thoại : (84-024) 37958666 Fax : (84-024) 37833228 Website: http://www.cms.com.vn ,Máy tính thương hiệu CMS, nphai@cms.com.vn 
3, Công ty Cổ phần HANEL,2 Chùa Bộc_ Quận Đống Đa_ TP. Hà NộiĐiện thoại : (84-024) 3852 4555; 572 5174Fax: (84-024) 852 5770 Website : http://www.hanel.com.vn,Điện_ Điện tử_ CNTT_ Viễn thông_Các giải pháp phần mềm dành cho Doanh nghiệp và Chính phủ….,hanel@hanel.com.vnvinhnd@hanel.com.vn 
4,Công ty TNHH Điện lạnh Hòa Phát ,39 Nguyễn Đình Chiểu_ Hai Bà Trưng_ Hà Nội Điện thoại: 04.36282011 or 04.62848666 Fax:04.62833456Website: http://www.hoaphat.com.vn/Home/Contact.aspx ,Sản xuất các sản phẩm điện lạnh có chất lượng cao và ổn định như: Tủ lạnh_ Điều hòa Funiki_ Tủ cấp đông Hòa Phát.,dienlanh@hoaphat.com.vn; tatuanquang@hoaphat.com.vn 
5,Công ty Cổ phần Công trình Viettronics ,Tầng 5 Tòa Nhà HH3_ KĐT Mỹ Đình _Xã Mễ Trì_Huyện Từ Liêm_ Hà Nội Điện thoại: (84-024) 37754270 Fax: (84-024) 37754427 Website: http://vietct.com.vn, - Hệ thống và thiết bị Điện lạnh_ điều hòa trung tâm_ điều hòa chính xác và điều hòa dân dụng_ hệ thống thông gió_ thoát khí lớn cho tòa nhà_ công nghiệp và nhà xưởng;- Giải pháp và thiết bị Trung tâm dữ liệu và thiết bị cấp nguồn_ hệ thống an toàn nguồn điện; Các hệ thống và thiết bị Đo lường_ kiểm định điện tử; tự động hóa phục vụ cho nghiên cứu khoa học và các hệ phát triển;- Các hệ thống_ thiết bị và giải pháp truyền thông_ phát thanh truyền hình;- Các thiết bị đặc chủng trong lĩnh vực an ninh_ quốc phòng; hệ thống truyền dẫn_ phát sóng_ đường truyền dữ liệu_ v.v…, tuongvnc@gmail.com 
6,Công ty TNHH 4P, VĂN PHÒNG: Tầng 15_ 53 Quang Trung_ Hà Nội Điện thoại: (84-024) 39 454 510Fax: (84-024) 39 454 515 Website: www.4p.com.vn NHÀ MÁY:Địa chỉ : Vĩnh Khúc_ Văn Giang_ Hưng YênĐiện thoại: (84-221) 372 9317Fax: (84-221) 372 9321 ,Sản xuất bản mạch điện tử_ sản phẩm điện tử, 4pcompany@4p.com.vn hoangminhtri@4p.com.vnhuyenlu@4p.com.vn
7,Công ty Cổ phần Thiết bị Bưu Điện (POSTEF) ,61 Trần Phú_ Quận Ba Đình_ TP. Hà Nội Điện thoại : (84-024) 845 5946; 823 4128 Fax: (84-024) 823 4128; 823 1673 Website : http://www.postef.com,Hoạt động chính của công ty là kinh doanh_ sản xuất_ xuất nhập khẩu và cung cấp các thiết bịchuyên ngành bưu chính_ viễn thông_ điện tử tin học.,postef@hn.vnn.vnvanth@postef.com.vnToannn@postef.com.vn
8,Công ty CP ViettronicsCông nghiệp, Số 262 Ngọc Thụy_ Long Biên_ Hà Nội Điện thoại: (84-024) 35666 688 Web: ,Nghiên cứu phát triển_ sản xuất các thiết bị điện tử công nghiệp và cung cấp giải pháp tích hợp cho lĩnh vực phân phối_ truyền tải_ phát điện và công nghiệp,bachtq@viettronics-industries.com 
9, Công ty Cổ phần Điện tử Tin học Đà Nẵng,181-185 Điện Biên Phủ_ Thanh Khê_ Đà NẵngĐiện thoại : (84-0511) 3659183 Fax: (84-0511) 3715899 Website: www.vietro.com.vn,Kinh doanh Sĩ & Lẻ các mặt hàng Điện tử_ Điện tử_ Điện lạnh_ Điện gia dụng & Kỹ thuật số,vtrdanang@dng.vnn.vn info@vietro.com.vn
10, Công ty Cổ phần Huetronics,5-7 Hoàng Hoa Thám_ Thành phố HuếĐiện thoại : (84-054) 826 081Fax: (84-054) 826 053Website: http://www.huetronics.com,• Sản xuất_ gia công lắp rắp các linh kiện điện tử • Sản xuất_ chế tạo các sản phẩm dựa trên nền tảng công nghệ siêu âm • Sản xuất các sản phẩm ứng dụng công nghệ nano cho nuôi trồng thuỷ • Phân phối và thiết kế_ lắp đặt hệ thống Wifi_ camera cho các toà nhà_ các khách sạn_ khu resort_.. • Phân phối sản phẩm Jetek: case_ bộ nguồn máy tính_ nguồn LED_ adapter_.. (liên kết đến site jetek),huetronics@dng.vnn.vn; ngt_son@huetronics.vn 
11,Công ty Điện tử Tiến Đạt ,405 Điện Biên Phủ_ Phường 4_ Quận III_ TP. Hồ Chí MinhĐiện thoại : (84-028) 38344540 Fax: (84-028) 832 2978Website : http://www.tiendatvn.com.vn,Sản xuất và kinh doanh các sản phẩm Điện - Điện Tử,tiendat-audio@hcm.fpt.vnthongnguyen55@yahoo.com
12,Công ty CP Điện tử Tân Bình (VTB) ,248A Nơ Trang Long_ Quận Bình Thạnh_ Hồ Chí MinhĐiện thoại : (84-028) 3516 3885Fax: (84-028) 3516 3886 Website : http://www.vtb.com.vn,Sản xuất_ lắp ráp_ bảo hành_ bán buôn_ bán lẻ các sản phẩm điện_ điện tử_ điện lạnh_ tin học và các dịch vụ liên quan. Kinh doanh tài chính_ bất động sản và văn phòng cho thuê.,vtb@saigonnet.vn; duy@vtb.com.vn 
13,Công ty CP Điện tử Bình Hoà,204 Nơ Trang Long_ Quận Bình Thạnh TP. Hồ Chí Minh Điện thoại : (84-028) 843 2472/843 2458 Fax: (84-028) 843 2460 Website : http://www.viettronics-binhhoa.com, - Thiết kế_ chế tạo_ sản xuất_ mua bán linh kiện điện tử_ cụm linh kiện_ thiết bị điện_ điện tử_ tin học viển thông (Kể cả phần cứng_ phần mềm).- Sản xuất_ mua bán máy điều hòa không khí_ thiết bị hệ thống lạnh.- Dịch vụ lắp đặt_ bảo trì các thiết bị_ hệ thống lạnh_ mạng tin học_ âm thanh_ ánh sáng.-Xây dựng dân dụng_ công nghiệp_ giao thông_ thủy lợi.- Mua bán thiết bị văn phòng_ văn phòng phẩm., binhhoaco@hcm.fpt.vn; hquang@viettronics-binhhoa.com
14,Công ty cổ phần Điện - Điện tử Hải Huy,71A_ Cách Mạng Tháng Tám_ P. An Hòa_ Q. Ninh Kiều_ TP. Cần Thơ ĐT :(84-71) 825 455 Fax :(84-71) 827 455Website:http://www.haihuy.com/http://www.haihuy.net,Sản xuất thiết bị công nghệ thông tin cùng các thiết bị điện tử mang thương hiệu Việt Nam Haihuy.,haihuycorp@haihuy.comkhachuy@haihuy.net 
15,Công ty Cổ phần Bóng đèn Điện Quang,125 Phố Hàm Nghi_ P. Nguyễn Thái Bình_ Q. 1_ HCM Điện thoại: (08-8) 8 290 135 Fax: (08-8) 8 251 518 Website: http://www.dienquang.com,Điện Quang là thương hiệu hàng đầu Việt Nam trong lĩnh vực chiếu sáng và thiết bị điện. ,info@dienquang.comhungho@dienquang.comminhhoang@dienquang.com 
16,Công ty CP An Lộc ,543/72 Nguyễn Đình Chiểu_ Q3_ HCM Điện thoại : (84-028) 38321 130 Fax : (84-028) 38305845, ,phuongalc@hcm.vnn.vn
17,HỘI VIÊN PHÍA BẮC, , , 
18,Công ty TNHH Một thành viên Điện tử Sao Mai ,27 Hoàng Sâm_ Nghĩa Đô_Cầu Giấy_ Hà Nội Điện thoại : (84-024) 756 4183; 756 4699 Fax: (84-024) 756 4263 Website: dientusaomai.com.vn,Nghiên cứu sản xuất_ kinh doanh vật liệu_ linh kiện và thiết bị điện_ điện tử_ quang điện tử. ,sales@dientusaomai.com.vn binhnguyen919@gmail.com 
19,Công ty CP Máy tính và Truyền thông Việt Nam(VIETCOM) ,18 Nguyễn Chí Thanh_ Ba Đình_ TP. Hà Nội Điện thoại : (84-024) 3834 4665/7715126 Fax: (84-024) 3834 3466Website: http://www.vietcomvn.vn, - Sản xuất kinh doanh các thiết bị_ vật tư công nghệ thông tin_ truyền thông_ đo lường_ tự động hoá_ điện tử dân dụng và chuyên dụng.- Kinh doanh máy móc_ thiết bị_ dụng cụ_ vật tư dùng cho ngành công nghiệp_ giáo dục_ đào tạo_ y tế_ văn hóa thông tin.- Sản xuất_ kinh doanh các phần mềm máy tính_ và dịch vụ Internet.-Tư vấn_ chuyển giao công nghệ và dịch vụ khoa học công nghệ trong lĩnh vực điện tử_ tin học_ truyền thông_ đo lường - tự động hoá và tài nguyên môi trường ( không bao gồm tư vấn luật). , vifcom@vnn.vn 
20,Công ty Cổ phần Điện tử Giảng Võ (GVECO) ,168 Ngọc Khánh_ Quận Ba Đình_ TP. Hà Nội Điện thoại : +84-04-38345552; 37718886 Fax: +84-04-37718886 Website: http://ecm.vn/dientugiangvo/,Đồ Điện Tử - Kinh Doanh và Phân Phối,vidistar552@gmail.comgveco@fpt.vn
21,Công ty TNHH Vĩnh Trinh ,94 Trần Quốc Toản_ Q. Hoàn Kiếm_ Hà Nội _ Việt Nam Tel: (024) 39423558_ 39344251_ 39344418_ 39344419 Fax: (024) 39423559 Website : http://www.vinhtrinh.com.vn, ,vinhtrinh@fpt.vn
22,Công ty TNHHMáy tính Vĩnh Xuân,39 Trần Quốc Toản_ Phường Trần Hưng Đạo_ Quận Hoàn Kiếm_ Hà Nội. Tel: (84-024) 39439121 Fax: (84-024) 39434137 Website: http://www.spc.com.vn, ,spc@vinhxuan.vnsupport@vinhxuan.vn/ sales@vinhxuan.vn
23,Công ty CP Phát triển Phát thanh Truyền hình (BDC) ,59 – 61 Thợ Nhuộm_ Hoàn Kiếm_ Hà Nội. Điện thoại: +84-243-826-8430/826-5527_ Fax: +84-243-826-6866 Website : http://www.bdc.vn, , sales@bdc.vn
24, Công ty CP Viettronics Đống Đa ,Số 2 Phố Triệu Quốc Đạt - Quận Hoàn Kiếm- Hà Nội. Điện thoại : +84-4-38344305Fax:+84-4-38359201Website: www.viettronics.com.vn,Sản xuất_ kinh doanh_ xuất nhập khẩu trực tiếp các sản phẩm điện_ điện tử_ điện lạnh_ điện gia dụng_ thiết bị nghe nhìn_ thiết bị viễn thông_ thiết bị tự động hóa_ thiết bị điều khiển_ trang thiết bị y tế_ trạm biến áp dưới 35 KV…, viettronics@vnn.vnvnc@viettronics.com.vn 
25,Công ty TNHH Thắng Lợi Việt Nam , 290 Tây Sơn_ Đống Đa_ Hà Nội Điện thoại: (84-024) 3771 2528Fax: (84-024) 3771 4184Website : http://www.vvc.com.vn , ,linh@hn.vnn.vn 
26,Công ty TNHH Thiết bị Kỹ thuật Tin học Hải Anh ,105 Lê Thanh Nghị - Hai Bà Trưng - Hà NộiĐiện thoại : (84-024) 36288137Fax: (84-024) 36288140 , ,thanhdc@fpt.vn
27,Công ty Cổ phần Tập đoàn IDC ,37 Phan Đình Phùng_ Q. Ba Đình_ TP. Hà Nội Điện thoại : (84.4) 3838 8888Fax: (84.4) 3747 2080 Website : http://www.idc.com.vn, , sales@idc.com.vn welcome@idc.com.vn 
28, Công ty CP Đầu tư và Công nghệ Minh Việt ,Số 72_ Ngách 95/8_ Chùa Bộc_ Đống Đa_ HN Điện thoại : (84-024) 3564 1864 Fax: (84-024) 3564 1865 Website : http://www.minhviet.com.vn , ,intecom@minhviet.com.vn_ info@minhviet.com.vn
29,Công ty cổ phần Misa (MISA JSC) ,Tầng 9 - Tòa nhà TSB - Lô B1D - Cụm sản xuất tiểu thủ Công nghiệp và Công nghiệp nhỏ - Q.Cầu Giấy - Tp.Hà Nội Điện thoại:(84-024) 3795 9595Fax:(84-024) 3795 8088Website :http:// www.misa.com.vn, ,Sales@misa.com.vn
30,Công ty CP Ứng dụng Tiến bộ Khoa học - Công nghệ (MITEC),Tầng 3 & 4 - Tòa nhà MITEC_ Lô E2_ Khu đô thị mới Cầu Giấy_ Phường Yên Hòa_ Quận Cầu Giấy_ Hà Nội_ Việt Nam Điện thoại : (84-024) 3769 1616 Fax: (84-024) 3769 1617 Website : http://www.mitec.com.vn,Tư vấn_ thiết kế và cung cấp cácsản phẩm và giải pháp CNTT.,headoffice@mitec.com.vn
31,Công ty TNHH MTV Thông tin Điện tử Hàng Hải VN (VISHIPEL) ,2 Nguyễn Thượng Hiền_ Quận Hồng Bàng_ TP.Hải Phòng Điện thoại : (84-0225)-374 6464 Fax: (84-0225) 3747062 Website : http://vishipel.com,Hoạt động trong lĩnh vực viễn thông_ cung cấp các dịch vụ viễn thông sử dụng trên đất liền_ trên biển cũng như trên không.,contact@vishipel.com.vn; truyenthong@vishipel.com.vn
32,Công ty CP Điện tử Hải Phòng (HAPELEC) ,73 Điện Biên Phủ_ Quận Hồng Bàng_ TP Hải Phòng Điện thoại : (84-0225) 745 383 Fax: (84-0225) 745 003 Website: http://www.hapelec.com.vn, - Sản xuất_ lắp ráp_ kinh doanh các sản phẩm điện_ điện tử_ điện lạnh_ viễn thông_ tin học_ các sản phẩm cơ khí_ nhựa_ bao bì; - Dịch vụ cung cấp_ cài đặt phần mềm cho mạng máy tính và mạng thông tin;, hapelechp@vnn.vn
33,Công ty Cổ phần Tin học và Công nghệ Hàng Hải (MITECO) ,44 Trần Khánh Dư_ Quận Ngô Quyền_ TP Hải Phòng Điện thoại : (84-0225) 836 481 / 836378Fax: (84-0225) 836 378 Website: http://www.mitecohp.com ,Triển khai các dự án phần mềm tổng hợp cỡ vừa và lớn. Tất cả các sản phẩm phần mềm do Miteco sản xuất đều được xây dựng trên nền tảng công nghệ .NET Framework của Microsoft_ với kỹ thuật lập trình C++_ C#_ VB .NET... chuyên nghiệp., miteco@miteco.com.vn
34,Công ty Điện tử - Tin học Viễn thông Nghệ An (NALECO) ,25 Nguyễn Thị Minh Khai_ P. Lê Mạc_ TP. Vinh_ Nghệ An Điện thoại : (84-038) 842 540 Fax: (84-038) 598 176 Website: http://www.naleco.com.vn,Sản xuất_ lắp ráp và mua_ bán các loại sản phẩm điện tử và điện máy. Mua_ bán thiết bị điện tử_ tin học_ viễn thông_ dịch vụ tin học; Mua bán vật tư thiết bị Truyền hình Cáp_ dịch vụ Truyền hình Cáp.,naleco@hn.vnn.vn
35,Tập đoàn Viễn thông Quân đội (VIETTEL) ,Số 1 Trần Hữu Dực_ Mỹ Đình_ Từ Liêm_ Hà Nội Điện thoại: (84-024) 255 6789 / 266 0529 Fax: (84-024) 299 6789/266 0029 Website : http://www.viettel.com ,Là doanh nghiệp Viễn thông hàng đầu Việt Nam_ bước đầu thành công trên thị trường Quốc tế_ Viettel hiện đang cung cấp rất nhiều sản phẩm_ dịch vụ Viễn thông_ sản phẩm ứng dụng công nghệ thông tin chất lượng cao., vbdhn@viettel.com.vn gopy@viettel.com.vn
36,Công ty TNHH Tấn Thành ,Tầng 5_ 14-16 Hàm Long_ P. Phan Chu Trinh_ Q. Hoàn Kiếm_ HN Điện thoại: (84-024) 945 4058 Fax: (84-024) 945 4061 , , tran_huu@hn.vnn.vn 
37,Công ty Cổ phần công nghệ SILICOM ,Số 5 Quốc Tử Giám_ Văn Chương_ Đống Đa_ HN Điện thoại: (84-024) 7323232 Fax:(84-024) 7324982 Website : http://www.silicom.com.vn , ,gd.hn@silicom.com.vn
38,Công ty TNHH Sản Phẩm Công nghệ FPT,Tầng 2_ tòa nhà Zodiac_ Phố Duy Tân_ Phường Dịch vọng Hậu_ Quận Cầu Giấy_ Hà Nội Điện thoại: (84-024) 3 7300 6666 Website: http://phanphoi.fpt.com.vn, ,fpt_trading@fpt.com.vn
39,Công ty Hợp doanh Công nghệ Tàu Thuỷ (STC),215 Lạch Tray_ Quận Ngô Quyền_ TP.Hải Phòng Điện thoại : (84-0225) 735 457 Fax: (84-0225) 735 051 , , stc.company@hn.vnn.vn
40,Trường Cao đẳng Công nghệ Viettronics,118 Cát Bi_ Hải An_ Hải Phòng Điện thoại: (84-31) 3726899: 3726972 Fax: (84-31) 3726972 Website: www.caodangvtc.edu.vn,Đào tạo về điện tử.,vanphong@caodangvtc.edu.vn
41,Công ty TNHH ASIA BOLT ,Lô B4_ KCN Song Khê_ Nội Hoàng_ TP. Bắc Giang Điện thoại: (84-240) 3661 564 Fax: (84-240) 3661 566 ,Sản xuất chuyên môn hóa các phụ tùng kết nối trong sản phẩm điện tử với sản phẩm đinh vít siêu nhỏ. Đinh ốc vít_ sản phẩm gia công tiện,asiakjh@paran.com asiabolt@asiabolt.com.vn
42,Công ty TNHH Murata Electronics Việt Nam ,P. 501_ tầng 5_ V Building_ 125-127 Bà Triệu_ P. Nguyễn Du_Hà Nội Điện thoại: +84 24 3637 4666 Fax +84 24 3632 1118 ,Sản xuất và cung cấp linh kiện điện tử ,mev_sales@murata.com.sg
43,Công ty TNHH MTV Viettronics Medda ,Số 2_ Phố Chùa Láng_ P. Láng Thượng_ Đống Đa_ Hà Nội Điện thoại: (84-024) 38352 723/ 37754982_ 37754963_ 37754982 Fax: (84-024) 37754 963 Website: medda.com.vn,Thiết Bị Y Tế - Sản Xuất_ Kinh Doanh và Phân Phối,medda@medda.com.vn
44,Công ty TNHH Hùng Dũng,Số 39 No6 Khu đô thị mới Sài Đồng_ Quận Long Biên_ TP. Hà Nội Điện thoại: 04. 2219 0143 Website: http://hungdunghd.comNhà Máy: Địa chỉ: Km 42 + 600_ quốc lộ 5A_ thị trấn Lai Cách_ huyện Cẩm Giàng_ tỉnh Hải Dương Điện thoại: (0320) 3782 399/ 3783 399 Fax: (0320) 3782 396,Chuyên sản xuất các thiết bị điện - điện tử với định hướng công nghệ cao. Công ty đã đưa ra thị trường nhiều sản phẩm được người tiều dùng tin tưởng và sử dụng như điện xe máy_ điện chiếu sáng với các nhãn hiệu HD_ Konson.,ntd@hungdunghd.com.vnhcns@hungdunghd.com.vn
45,Công ty CP Công nghệ Điện tử Giảng Võ,Thôn Đọ_ xã Bạch Sam_ huyện Mỹ Hào_ tỉnh Hưng Yên Điện thoại: 0982 228 412 Website: http://www.gve.vn VP giao dịch: Số 17 Phạm Hùng_ Mỹ Đình_ Từ Liêm_ HN Điện thoại: (84-024) 66865890 Email: contact@gve.vn,Sản xuất_ kinh doanh thiết bị điện tử dân dụng_ linh kiện điện tử_ viễn thông….,huongdl@gve.vn hangnt@gve.vn
46,Công ty Cổ phần Sản xuất gia công và Xuất nhập khẩu Hanel,Lô 3_ đường TS 8_ KCN Tiên Sơn_ xã Nội Duệ_ huyện Tiên Du_ tỉnh Bắc Ninh Điện thoại: (84-241) 373 005 Fax: (84-241) 3734 036 Email: info@hanel.com.vn Website: hanel.com.vn,Sản xuất_ mua bán_ gia công_ lắp ráp các sản phẩm điện tử_ điện lạnh_ đồ gia dụng_ đồ dùng cá nhân và gia đình; Môi giới_ tư vấn_ xúc tiến thương mại; Đại lý mua_ bán_ ký gửi hàng hóa; Ủy thác xuất nhập khẩu., info@hanelpt.com.vn tranthutrang@hanelpt.com.vn 
47,Công ty CP Cơ điện và Tự động hóa Tâm Phát,Lô 11_ KĐT Cổ Bồng_ Di Trạch_ Hoài Đức_ Hà Nội Điện thoại: (84-024) 62940 614 Fax: (84-024) 62940614 Website: www.tamphatjsc.com ,Sản xuất _ lắp ráp tủ bảng điện_ tủ điều khiển PLC-HMI_ tủ biến tần_ tủ phân phối_ tủ tụ bù_ tủ chuyển đổi nguồn tự động ATS… cung cấp thiết bị tự động hóa., info@tamphatjsc.com lehientuan1977@gmail.com
48,Công ty Cổ phần An Phát Holdings,Trụ sở: Lô CN11+CN12_ cụm CN An Đông_ thị trấn Nam Sách_ huyện Nam Sách_ tỉnh Hải Dương Mobile: 0903 46 7576VP Đại diện: Tầng 17_ tòa nhà PV Oil_ 148 Hoàng Quốc Việt_ Nghĩa Tân_ Cầu Giấy_ HN Tel: 0243 206 1199 Fax: 0243 200 8921 Website: anphatholdings.com , - Tư vấn đầu tư (không bao gồm tư vấn pháp luật)- Sản xuất sản phẩm Nhựa công nghệ cao_ thân thiện với môi trường.,anphat@anphatholdings.com cuongdx@anphatholdings.com tungbh@anphatholdings.com
49,Công ty TNHH MTV Thông tin M1,Thôn Ngãi Cầu_ xã An Khánh_ Hoài Đức_ Hà Nội Điện thoại: (84-024) 62650127 Email: m1company@viettel.com.vn Website: www.viettel.com.vn,Sản xuất thiết bị nguồn viễn thông_ thiết bị đầu cuối_ gia công điện tử, 
50,Công ty TNHH Fujitsu Việt nam - FVL,Địa chỉ: Tầng 17_ Tòa nhà Keangnam Điện thoại : (84-024) 22203113 Fax: (84-024) 22203114 Website: http://www.fujitsu.com , ,sales@fujitsu.com.vn
51,HỘI VIÊN KHU VỰC MIỀN TRUNG - TÂY NGUYÊN, , , 
52,Xí nghiệp Tư doanhĐiện tử TQT,42 Trần Nhật Duật_ TP Nha Trang_ tỉnh Khánh Hoà Điện thoại : (84-058) 871 155 Fax: (84-058) 871 156 Website: http://www.tqtbroadcast.com,Sản xuất sản phẩm điện tử dân dụng., tqt@dng.vnn.vn
53,Doanh nghiệp Thu Thanh,Địa chỉ: 362 Ông Ích Khiêm_ TP. Đà Nẵng Điện thoại: (84-0511) 3824054 Fax : (84-0511) 3824 054, , 
54,Công ty TNHH TMDV Lê Quang Châu,Địa chỉ: 46 Lê Duẩn_ TP. Đà Nẵng Điện thoại: (84-0511) 3825208 Fax : (84-0511) 3812 235,Điên Lạnh Công Nghiệp – Hệ Thống Và Thiết Bị Điện Lạnh Công Nghiệp, 
55,Công ty TNHH TMDV Ánh Sáng,Địa chỉ: 106 Hùng Vương_ TP. Đà Nẵng Điện thoại: (84-0511) 3824831 Fax : (84-0511) 824 831, , 
56,Công ty TNHH Việt Tuấn,Địa chỉ: 121 Triệu Nữ Vương_ TP. Đà Nẵng Điện thoại: (84-0511) 3821872 Fax : (84-0511) 865 760, , 
57,Công ty TNHH Tâm Thành,Địa chỉ: 124 Trần Cao Vân_ Thành phố Đà Nẵng Điện thoại: (84-0511) 3830480 Fax : (84-0511) 3744735 Email: tamthanhco@vnn.vn , , 
58,Công ty TNHH Phúc Huệ,Địa chỉ:1/39 Quốc lộ 1A_ Thị trấn Nam Phước_ Duy Xuyên_ Quảng Nam Điện thoại: (84-0510)3877668 Fax : (84-0510) 3778636, , 
59,Cửa hàng Điện máy_ Điện lạnh_ Radio Tivi Tấn,Địa chỉ: 82 Khối phố Tân Định_ Đường Trần Phú_ P. Minh An_ Hội An_ Quảng Nam Điện thoại: (84-0510)3861270Fax : (84-0510) 3 861270, , 
60,Doanh nghiệp Tư nhân Việt Hải,Địa chỉ:Khu 2_ Thị trấn Ái Nghĩa_ Đại Lộc_ Quảng Nam Điện thoại: (84-0510)3 865364 Fax : (84-0510) 3 865364, , 
61,Cửa hàng Điện máy Radio Tivi Hải,Địa chỉ:Thị trấn Vĩnh Điện_ Huyện Điện Bàn_ Quảng Nam Điện thoại: (84-0510)3 867386, , 
62,Cửa hàng Điện máy Điện lạnh Nguyễn Phước,Địa chỉ:59 Khối phố Tân Định_ Đường Trần Phú_ P. Minh An_ Quảng Nam Điện thoại: (84-0510)3 861423, , 
63, Công ty TNHH Tuấn Sỹ,Địa chỉ: 17 Trần Cao Vân_ Thị xã Tam Kỳ_ Quảng Nam Điện thoại: (84-0510)3 851265, , 
64,HỘI VIÊN KHU VỰC PHÍA NAM, , , 
65, Công ty Cổ phần Thương mại Công nghệ Khai Trí ,Trụ sở chính: 62A Nguyễn Trọng Tuyển_ Q. Phú Nhuận_ TP.HCM TT thương mại:Tòa nhà Khai Trí 88A Đường số 3 - P.Tân Kiểng - Q.7 TPHCM. Điện thoại: (84-028) 37754878 ( 6 lines) Fax:(84-028) 37754879 Website: www.khaitri.com.vn, - Giải pháp phòng lab dạy ngoại ngữ đa phương tiện - Lab Multimedia Hilcass V.-Giải pháp tổng thể về công nghệ thông tin - truyền thông: máy chủ_ máy trạm_ hệ mạng - mạng không dây_ thư viện điện tử….- Giải pháp nghe nhìn truyền thông: phòng nghe nhìn_ thiết bị trình chiếu_ hội thảo_ thiết bị quan sát_ hệ thống âm thanh.- Tư vấn_ cung cấp_ triển khai các giải pháp phần mềm bản quyền Microsoft và giải pháp phần mềm quản trị hệ thống mã nguồn mở Linux… .....,nkhaitri@hcm.vnn.vn
66,Công ty CP Điện tử Biên Hoà,52-54 Nguyễn Huệ_ P. Bến Nghé_ Quận 1_ TP. Hồ Chí Minh iện thoại: 028 39 253 352 Fax: 028 38 322 086 Website : http://www.veic.com.vn ,Sản xuất các sản phẩm điện tử gia dụng.,info@belco.vnbelcohcm@hcm.vnn.vn
67,CÔNG TY CỔ PHẦN HỆ THỐNG GEN - GENSYS,391A Nam Kỳ Khởi Nghĩa_ Quận 3_ TP. Hồ Chí Minh Điện thoại : (84-028) 3848 3638Fax: (84-028) 3843 5522Website : http://www.gensys.com.vn/, - Cung cấp và triển khai các giải pháp tổng thể chuyên sâu về hạ tầng hệ thống CNTT.- Tưvấn_ cung cấp_ triển khai các phần mềm quản trị doanh nghiệp - ERP (Enterprise Resource Planning)_ phần mềm quản trị quan hệ khách hàng- CRM (Customer relationship management)_ phần mềm quản trị nhân sự - HRM (Human Resource Management)_ phần mềm trợ giúp cho doanh nghiệp trong định hướng kinh doanh – BIS (Business Intelligence Solution)- Cung cấp các dịch vụ chuyên nghiệp: tư vấn giải pháp_ cung cấp dịch vụ 24 x7 tận nơi sử dụng_ bảo trì_ sửa chữa các thiết bị CNTT.- Lắp ráp_ sản xuất_ kinh doanh máy tính và thiết bị công nghệ thông tin., info@gensys.com.vn 
68,Công ty Cổ phần Khang Thịnh ,93 Trần Phú_ Phường 4_ Quận 5_ Tp. Hồ Chí Minh Điện thoại : (84-028) 830.2645 Fax: (84-028) 832.3241, ,ngovan@hcm.fpt.vn kt@hcm.vnn.vn
69,CÔNG TY CỔ PHẦN VIETTRONICS THỦ ĐỨC,Văn phòng : 15C Nguyễn Văn Trỗi_ Phường 12_ Quận Phú Nhuận_ TP.HCMNhà máy : 30 Đỗ Xuân Hợp_ Phường Phước Long A_ Quận 9_ TP.HCMĐiện thoại : 028-37 313 563 -Hotline : 0903 109790 Fax : 028-37 313 088 -Email : info@vtd.net.vn Website: http://www.vtd.net.vn/,1. Dịch vụ_ sản phẩm và giải pháp Công nghệ thông tin_ Kỹ thuật... 2. Các SP điện tử dân dụng: TV_ đầu máy_ Loa_ Amply_ Micro ... 3. Các SP về Led chiếu sáng.,nghiemxuanvan@vtd.net.vn 
70,Công ty Cổ phần Dịch vụ Điện tử Việt (VESCO JSC),99 Nguyễn Thị Minh Khai_ Quận 1_ TP. Hồ Chí Minh Điện thoại : (84-028) 839 3277/ 38324471 Fax: (84-028) 839 9573/ 38242039 Website : www.vesco-vn.com, - Viễn Thông - Dịch Vụ Viễn Thông- Vi Tính và Tin Học - Các Công Ty Tin Học- Linh Kiện Điện Tử,vesco@hcm.vnn.vn
71,Công ty Cổ phần Cơ khí Điện tử Phú Thọ Hoà (VIEMCO),1026B Luỹ Bán Bích_ Phường Hoà Thạnh_ Q. Tân Phú_ Hồ Chí Minh. Điện thoại : (84-028) 38659906/ 0903.813.300/ 01222.681.426Fax: (84-028) 38100755 Website : http://viemco.com , - Thiết kế và sản xuất khuôn mẫu- Sản xuất các sản phẩm nhựa- Sản xuất các phẩm đột dập- Sản xuất Anten kỹ thuật số- Các sản phẩm công nghiệp phụ trợ,phuthohoa@hcm.fpt.vn
72,Công ty CP Xuất Nhập khẩu Điện tửViệt (VIETTRONIMEX),74-76 Nguyễn Huệ_ Quận 1_ TP. Hồ Chí Minh Điện thoại : (84-028) 3829 8201 Fax: (84-028) 3829 4873 Website: http://viettronimex.com.vn , - Mua bán: máy móc_ thiết bị_ linh kiện điện tử_ điện lạnh_ vi tính_ thiết bị viễn thông – thiết bị truyền hình.- Thiết kế_ chế tạo_ sản xuất: mạch điện tử_ hàng điện tử dân dụng_ thiết bị điện tử y tế_ sửa chửa_ bảo hành_ bảo trì hàng kim khí điện máy_ điện tử dân dụng_ điện lạnh_ vi tính.,viettronimex@hcm.vnn.vn minhtuan@viettronimex.com.vn anhdungvtr@viettronimex.com.vn
73,Công ty CP Đầu tư Phát triển Công nghệ ROBO ,382 Nguyễn Chí Thanh_ P.5_ Q.10_ TP.HCM Tel: (8428) 628.58.666- Fax: (8428) 629.33.638- Hotline: 1900.96.96.17 Website: http://www.robo.com.vn; www.hethongmaychu.vn,* Sản xuất và kinh doanh máy vi tính _ thiết bị CNTT. * Cung cấp dịch vụ bảo trì_ sửa chữa hệ thống máy tính và các thiết bị CNTT * Tư vấn thiết kế và thi công các giải pháp tổng thể về mạng LAN_ WAN* Tư vấn và thiết kế các giải pháp hệ thống thông tin_ phần mềm quản lý doanh nghiệp * Tư vấn giải pháp Webhosting_ Email hosting_ xây dựng và phát triển website.,robocorp@robo.com.vn
74,Công tyCổ phần TIE,52 Thành Thái_ Phường 12_ Quận 10_ Tp. Hồ Chí Minh Điện thoại : (84-028) 3833 0855/ 38393 054 Fax: (84-028) 3833 2754 Website : http://www.tie.com.vn ,Thiết kế sản xuất_ gia công lắp ráp và kinh doanh các mặt hàng điện tử dân dụng. Sản xuất và kinh doanh các thiết bị lạnh_ máy phát điện_ động cơ và phụ tùng rời cung cấp cho ngành điện lực (trừ tái chế phế thải nhựa – kim loại).Kinh doanh_ xuất nhập khẩu linh kiện điện tử_ máy móc đo lường thí nghiệm điện – điện tử - thiết bị viễn thông. Thiết lập mạng lưới thiết bị Internet_ cung cấp dịch vụ truy nhập Internet công cộng. Sản xuất lắp ráp thiết bị bưu chính viễn thông. Sản xuất gia công_ mua bán các sản phẩm cơ khí.,tie@saigonnet.vn 
75,Công ty TNHH Thương mại-Tư vấn Công nghệ T&H,202bis Nguyễn Thị Minh Khai_ Quận III_ TP. Hồ Chí Minh Điện thoại : (84-028) 3930 3470 Fax: (84-028) 3930 3074 Website : http://www.tnh.com.vn,T&H là nhà tích hợp hệ thống_ cung cấp chuyên nghiệp uy tín lâu năm các giải pháp tổng thể về côngnghệ thông tin_ từ các thiết bị cho người dùng cuối và hệ thống mạng LAN /Intranet_ đến các giải pháp ứng dụng và phần mềm đảm bảo tính hiệu quả của đầu tư và giải quyết tốt các bài toán /nhu cầu của các đối tượng khách hàng khác nhau; và các dịch vụ tư vấn /hỗ trợ người dùng trong quá trình làm việc_ nâng cấp /bảo trì /khôi phục hệ thống_ lắp đặt /chuyển giao công nghệ /huấn luyện /đào tạo theo các yêu cầu kỹ thuật khác nhau…Sản phẩm Máy vi tính nhãn hiệu Việt Nam “T&H Computer” có chất lượng cao và ổn định., into@tnh.com.vn
76,Công ty Cổ phần Mêkông Xanh,210 Huỳnh Văn bánh_ Quận Phú Nhuận_ TP. Hồ Chí Minh Điện thoại : (84-028) 3997 2627 Fax: (84-028) 3997 1617 Website : http://www.mekonggreen.net ,"Sản xuất _ lắp ráp máy vi tính tại Việt Nam_ sản phẩm của công ty Mekong Xanh là máy vi tính thương hiệu Việt Nam ""Mekong Green"".",tuanvuanh@mekonggreen.com
77,Công ty Cổ phần Quốc tế MBA,29-31 Trần Thiện Chánh_ P12_ Q.10_ TP.HCM Điện thoại: (84-028) 3265 0011 Fax: (84-028) 3265 0044 Website: www.mba.com.vn,Cung cấp các loại máy móc thiết bị Văn phòng_ Viễn thông_ CNTT.,nbatu@hcm.vnn.vnsales@mba.com.vn 
78,Công ty Cổ phần Máy tính Việt Nam 2 (CMT),26 Lý Tự Trọng_ Quận I_ TP. Hồ Chí Minh Điện thoại : (84-028) 38226165 - 38226166 - 38296594 Fax: (84-028) 823 1059 Website: http://cmt.vn ,Cung cấp linh kiện_ thiết bị máy tính cùng những dịch vụ trọn gói.,cmtxerox@hcm.vnn.vn
79,Công ty Cổ phần Thế Giới Số ,Tầng 8_ Tòa nhà Ngân Hàng Nam Á 201 - 203_ Cách Mạng Tháng 8_ Phường 4_ Quận 3_ TPHCM Điện thoại: (84-028) 3929.0059 Fax: (84-028) 3929 0060 Website: http://www.Digiworld.com.vn, , info@dgw.com.vn 
80,Công ty TNHH An Như Sơn ,336/28/79 Nguyễn Văn Luông_ P. 12_ Quận 6_ TP. HCM Điện thoại: (84-028) 751 5988/ 36671389 Fax: (84-028) 751 5988 Website: http://www.annhuson.com.vn , - Băng Đĩa_ Ghi Đĩa CD_ DVD- Máy Vi Tính - Phần Cứng Máy Vi Tính,ansco@hcm.vnn.vn 
81,Công ty TNHH Công nghệ Tự động và Tin học Minh Huy,Số 1_ Phố 12 cưxá Chu Văn An_ Phường 25_ Quận Bình Thạnh_ TP. Hồ Chí Minh. Điện thoại :(84-028) 511 0237 Fax :(84-028) 511 5925 E-mail :adalab9686@yahoo.com , , 
82,Công ty Cổ phần Thiết bị Hàng Hải ( MECOM ),22-24-26 Mạc Thị Bưởi_P.Bến Nghé_Q.1_Tp.Hồ Chí Minh_ Việt Nam Điện thoại : (84-028) 3821 0132 - 3821 3639 Fax : (84-028) 38213 640 Website: http://www.mecom.com.vn,Cung cấp thiết bị điện tử hàng hải_ thiết bị thông tin vô tuyến điện và dịch vụ cho ngành khai thác thủy sản_ ngành vận tải biển_ ngành tàu dịch vụ dầu khí và mở rộng cung cấp thiết bị thông tin liên lạc cho lĩnh vực đường bộ_ hàng không.,hcm@mecom.com.vn
83,Công ty TNHH TMDV Nguyễn Hoàng Anh,35 Võ Văn Tần_ Phường 6_ Quận 3_ TP. Hồ Chí Minh Điện thoại : (84-028) 930 6995 Fax: (84-028) 930.0507 Website: http://www.nhacomputer.com, , nguyenanhtuan@hcm.vnn.vn info@nhacomputer.com 
84,Công ty Cổ phần Thương mại S.V.C,93-95 Nguyễn Trãi_ Q.1_ TP. Hồ Chí Minh Điện thoại : (84-028) 3832 5353 Fax: (84-028) 3833 1947Website:http://www.svc.com.vn, ,svcltd@hcm.vnn.vn 
85,Công ty TNHH Tin học Thành Nhân,174-180 Bùi Thị Xuân_ P. Phạm Ngũ Lão_ Q.1_ TP. Hồ Chí Minh Điện thoại : (84-028) 925 0259 Fax : (84-028) 925 0140 Website: http://www.tnc-vn.com/ http://www.tnc.com.vn,Bán lẻ phần cứng công nghệ thông tin.,thanhnhan@tnc.com.vn
86,Cửa hàng Tin học Phong Vũ,264C Nguyễn Thị Minh Khai_ P. 6_ Q. 3_ TP. HCM Điện thoại: (84-028) 933 0762 Fax: (84-028) 933 0765 Website : www.vitinhphongvu.com , ,lehoangtuyen@vnn.vn
87,Công ty TNHH MTV Công nghệ Tin học Viễn Sơn,162B Bùi Thị Xuân_ P. Phạm Ngũ Lão_ Q. I_ TP. HCM Điện thoại: (84-028) 832 6085 Fax: (84-028) 839 0119Website : http://www.microstar.com.vn ,Một trong những nhà phân phối CNTT., ms-info@microstar.com.vn
88,Công ty TNHH Viễn Tân,33/44/17 Đường Gò Dầu_ Q. Tân Phú_ HCM Điện thoại: (84-028) 8 471 965 Fax: (84-028) 4 086 929 Website: http://nextcom.vn ,- Viễn Thông - Thiết Bị Và Hệ Thống Viễn Thông - Đồ Điện Tử - Kinh Doanh Và Phân Phối, info@nextcom.vn 
89,Công ty TNHH Đầu tư Công nghệ Âm thanh Triệu Gia,123-125 Đường Song Hành_ P.10_Quận 6_ HCM Điện thoại : (84-028) 755 2433/ 37552434 Fax : (84-028) 54062665 Website: http://www.soundmax.com.vn,Nghiên cứu phát triển và sản xuất các sảm phẩm Loa vi tính.,info@soundmax.com.vn
90,Công ty Cổ phần Siêu Thanh,A20 Tân Phong_ đường Nguyễn Hữu Thọ Q.7_ Tp.HCM Điện thoại : (84).08.6262.8888 Fax: (84).08.6262.5888 website: www.sieuthanhricoh.com.vn- www.ricoh.com.vn,Cung cấp giải pháp thiết bị văn phòng Ricoh tại thị trường Việt nam.,sieuthanh@sieuthanhricoh.vnsieuthanh@sieuthanhricoh.com.vn 
91,Công ty Panasonic AVC Việt Nam,Đỗ Xuân Hợp_ Phường Phước Long B_ Quận 9_ TP. Hồ Chí Minh Điện thoại : (84-028) 7313706/ 7313 702 Fax: (84-028) 7313 409/7313 701 Website: http://www.panasonic.com.vn , ,mev.ga@gmail.vnn.vn
92,Công ty Sản phẩm tiêu dùng TOSHIBA Việt Nam,Phường Linh Trung_ Quận Thủ Đức_ TP. Hồ Chí Minh Điện thoại : (84-028) 3897 5433 P1702_ Lầu 17_ 72 - 74 Nguyễn Thị Minh Khai_ P. 6_ Q. 3_ HCM Điện thoại : (84-028) 38242818 Fax: (84-028) 3897 5436, , 
93,Công ty TNHH JVC Việt Nam,B58/II_ Đường 2E_ KCN Vĩnh Lộc_ Q.Bình Chánh Tp.Hồ Chí Minh ĐT: 84-8-37655315 Fax: 84-8-37655316 Website: www.jvc.com.vn , , 
94,Công ty TNHH MTV Thương mại và Dịch vụ SÓNG NHẠC ,Tầng 6 Tòa Nhà Royal Centre_ số 235 Nguyễn Văn Cừ_ P. Nguyễn Cư Trinh_ Q1_ Tp. HCM Tel : (028) 3838 6789 Fax :(028) 3920 8300 Website: http://songnhac.com.vn/,Kinh doanh và phân phối độc quyền các sản phẩm trong hai lĩnh vực: - Thiết bị âm thanh - Thiết bị_ hệ thống Camera quan sát,songnhac@songnhacgroup.com
95,Công ty TNHH ITO Việt Nam,Trụ sở : 248 A Nơ Trang Long _ P. 12_Quận Binh Thanh _ HCM VP Hà Nội: Tầng l 4_ Tòa nhà Ocean Park_ Sô 1 Đào Duy Anh_ Hà Nội Tel: + (84-028) 3 516 5959Web: www.itovn.com , , 
96,Công ty TNHH TMDV Tin học Anh Phương ,104 Nguyễn Trãi_ Quận 1_ HCM Điện thoại: (84-028) 39250199 Fax: (84-028) 39398114 Website:www.anhphuong.com.vn,Máy tính lắp ráp thương hiệu Việt APCOM; Chuyên phân phối và cung cấp sỉ lẻ sản phẩm chính hãng như: máy in Canon - Epson - HP_ máy scan_ máy chiếu_ ups Santak_ máy ảnh Sanon_ linh kiện vi tính_ thiết bị văn phòng_ thiết bị mạng_ máy tính xách tay_ màn hình vi tín..., aptrading@hcm.vnn.vn
97,Công ty Cổ phần Máy tính Hoàn Long,244 Cống Quỳnh_ P. Phạm Ngũ Lão_ Q. I_ HCM Điện thoại: (84-028) 39252 999 Fax: (84-028) 3925 9120 Website: www.hoanlong.com.vn, , lienhe@hoanlong.com.vn
98,Công ty TNHH Thương mại & Dịch vụ Chí Khoa ,221 - 223 Thống Nhất_ TP. Phan Rang_ Tháp Chàm_ Tỉnh Ninh Thuận Điện thoại: (84-68) 2 248 248 Fax: (84-68) 3931 698 Website: www.nikochi.com,Sản phẩm điện tử_ viễn thông_ an ninh an toàn.,chikhoaninhthuan@nikochi.com
99,Công ty TNHH Interlight Việt Nam,41 Hồ Bá Kiện_ Phường 15_ Quận 10_ TP. Hồ Chí Minh. Điện thoại: (+84)839 70 3333 Fax: (+84) 839 70 2333Website: www.interlight.vn ,Bán buôn đồ điện gia dụng_ đèn và bộ đèn điện, locnp@interlight.vn
100,Trung tâmNghiên cứu và Đào tạo Thiết kế Vi mạch (ICDREC),Tầng 7_ Nhà điều hành Đại học Quốc gia TP HCM Khu phố 6_ Phường Linh Trung_ Quận Thủ Đức_ HCM Điện thoại: 0913882104,Hoạt động trong lĩnh vực nghiên cứu_ đào tạo_ chuyển giao công nghệ và kinh doanh các lĩnh vực liên quan đến công nghệ vi mạch và các công nghệ ứng dụng vi mạch nhằm phục vụ cho sản xuất và đời sống_ thay thế dần công nghệ và thiết bị nhập khẩu từ nước ngoài_ nâng cao chất lượng sản phẩm. ,info@icdrec.edu.vn hoang.ngoduc@icdrec.edu.vn huong.vuthisong@icdrec.edu.vn
101,Công ty Cổ phần Phân phối Sở trường Phương Nam,Địa chỉ: Số 5 Nguyễn Gia Thiều_ Phường 6_ Quận 3_ Hồ Chí Minh Điện thoại: (84-028) 3930 7348 Fax: (84-028) 3930 3749,Nhập khẩu & phân phối hóa chất ngành công nghiệp và phụ gia thực phẩm. Hóa chất ngành công nghiệp (sơn_ mực in_ nhựa_ cao su_ xử lý nước thải_ nhựa đường_ điện tử) và phụ gia thực phẩm. Điện tử: flux_ chất tẩy rửa_ nước rửa lò reflow_ conformal coating_ nhựa epoxy...,hoangkhanh_phamta@edstachem.com 
102,Công ty TNHH Ariatec,109 Đường số 8_ KDC Trung Sơn_ xã Bình Hưng_ huyện Bình Chánh_ HCM Điện thoại: (84-028) 38360413,Thương mại xuất nhập khẩu: Thiết bị máy móc công nghệ bán dẫn_ quang học_ y tế…, tin.nth@ariatec.vn
103,Công ty TNHH Daiichi Jitsugyo Việt Nam,Trụ sở: P201_ Tầng 2_ Tòa nhà V-Tower_ Số 649 Kim Mã_ Ngọc Khánh_ Ba Đình_ HN Tel: 0243 766 5990 Fax: 0243 7665992Chi nhánh: P1107_ Lầu 11_ Zen Plaza_ 54-56 Nguyễn Trãi_ Bến Thành_ Quận 1_ HCM Tel: 028 3925 6900 Fax: 028 3925 6877,Thực hiện quyền nhập khẩu_ quyền xuất khẩu (không thành lập mạng lưới mua gom hàng)_ quyền phân phối bán buôn (không lập cơ sở bán buôn)_ quyền phân phối bán lẻ (không lập cơ sở bán lẻ) theo quy định của pháp luật.,trang@djk-global.com
104,VPĐD Wacker Chemicals (South Asia) PTE LIMITED tại Thành phố Hồ Chí Minh.,Phòng 1201_ lầu 12_ tòa nhà Sailing Tower_ số 111A Pasteur_ Phường Bến Nghé_ Quận 1_ TP. Hồ Chí Minh. Tel: 028 3520 2581 Fax: 028 3520 6721 ,Bán sỉ hóa chất và các sản phẩm hóa chất NEC: Polymer_ silicone và các hóa chất đặc chế dùng trong ngành điện tử_ xây dựng_ dệt may_ mỹ phẩm…,info.vietnam@wacker.comha.nguyen@wacker.com Duc.Huynh@wacker.com
105,Công ty TNHH Giải pháp Điện tử T.C Việt Nam,Lô I4-B_6_ đường N3_ Khu Công nghệ cao_ Quận 9_ HCM Điện thoại: (84-028) 62863888 Website: www.tcelectronics.vn,Gia công bo mạch Điện tử.,sale@tcelectronics.vn qgiangtc@gmail.comsale@tcelectronics.vn
106,Công ty TNHH TUV RHEINLAND Việt Nam,P 805-806_ Tòa nhà CentrePoint_ 106 Nguyễn Văn Trỗi_ Phường 8_ Q. Phú Nhuận_ HCM Điện thoại: (84-028) 3842 0600 Fax: (84-028) 3842 0660 Website: www.tuv.comVP Đại diện: P 1007_ Tòa nhà Đào Duy Anh_ 9 Đào Duy Anh_ Đống Đa_ HN Điện thoại: (84-24) 3574 6811 Fax: (84-24) 3574 7392 ,- Đánh giá và chứng nhận hệ thống quản lý- Kiểm tra kỹ thuật và chứng nhận sản phẩm- Kiểm định- Đào tạo kỹ năng / kỹ thuật và tư vấn quản lý doanh nghiệp, info@vn.tuv.comdaisy.pham@tuv.com
107,Công ty TNHH Thiết bị Phụ tùng An Phát ,ĐC: Số 65 phố Trung Hòa_ phường Trung Hòa quận Cầu Giấy_ Hà Nội Điện thoại: 024 3783 0629/30/31 - Fax: 024 3783 0200 Email: contact@anphatco.vn HỒ CHÍ MINH ĐC: Số 169 đường D2 phường 25_ quận Bình Thạnh_TP Hồ Chí Minh Điện thoại: 028 3512 3216/3510 6314-Fax: 028 35129368 Email: anphathcm@anphatco.vn, , contact@anphatco.vn
, , , , 
